Symbol,Timeframe,SignalDateTime,SignalLow,Sector,Open_1,High_1,Low_1,Close_1,Start_1,Open_2,High_2,Low_2,Close_2,Start_2,Open_3,High_3,Low_3,Close_3,Start_3,Open_4,High_4,Low_4,Close_4,Start_4,Open_5,High_5,Low_5,Close_5,Start_5,Open_6,High_6,Low_6,Close_6,Start_6,Open_7,High_7,Low_7,Close_7,Start_7,Open_8,High_8,Low_8,Close_8,Start_8,Open_9,High_9,Low_9,Close_9,Start_9,Open_10,High_10,Low_10,Close_10,Start_10,Open_11,High_11,Low_11,Close_11,Start_11,Open_12,High_12,Low_12,Close_12,Start_12,Open_13,High_13,Low_13,Close_13,Start_13,Open_14,High_14,Low_14,Close_14,Start_14,Open_15,High_15,Low_15,Close_15,Start_15,Open_16,High_16,Low_16,Close_16,Start_16,Open_17,High_17,Low_17,Close_17,Start_17,Open_18,High_18,Low_18,Close_18,Start_18,Open_19,High_19,Low_19,Close_19,Start_19,Open_20,High_20,Low_20,Close_20,Start_20
SYNGENE-EQ,30m,2025-10-23 15:15:00,660.0,Healthcare,666.15,666.2,659.05,662.55,2025-10-24 09:15:00,662.6,667.85,662.1,663.05,2025-10-24 09:45:00,663.1,663.7,660.5,661.35,2025-10-24 10:15:00,661.45,662.6,660.45,661.55,2025-10-24 10:45:00,661.55,661.9,659.45,660.95,2025-10-24 11:15:00,660.95,663.1,660.6,662.3,2025-10-24 11:45:00,662.35,662.75,660.6,660.85,2025-10-24 12:15:00,660.9,661.95,660.0,660.25,2025-10-24 12:45:00,660.35,660.7,655.4,656.15,2025-10-24 13:15:00,656.55,658.7,655.5,657.5,2025-10-24 13:45:00,657.5,659.35,657.5,657.6,2025-10-24 14:15:00,658.0,661.35,656.2,660.45,2025-10-24 14:45:00,660.4,661.2,657.4,660.75,2025-10-24 15:15:00,,,,,,,,,,,,,,,,,,,,,,,,,,,,,,,,,,,
GODREJCP-EQ,30m,2025-10-23 15:15:00,1127.8,FMCG,1132.1,1134.0,1114.1,1125.8,2025-10-24 09:15:00,1125.2,1125.7,1118.6,1121.5,2025-10-24 09:45:00,1121.1,1123.4,1117.3,1121.3,2025-10-24 10:15:00,1121.3,1124.0,1119.0,1119.4,2025-10-24 10:45:00,1119.4,1121.6,1116.9,1121.0,2025-10-24 11:15:00,1121.0,1126.6,1120.6,1125.2,2025-10-24 11:45:00,1125.1,1126.4,1122.8,1125.0,2025-10-24 12:15:00,1125.0,1127.3,1125.0,1125.1,2025-10-24 12:45:00,1125.0,1126.0,1121.0,1124.0,2025-10-24 13:15:00,1124.0,1127.2,1123.3,1127.1,2025-10-24 13:45:00,1126.7,1129.3,1123.4,1123.7,2025-10-24 14:15:00,1123.7,1130.4,1123.0,1130.1,2025-10-24 14:45:00,1130.1,1141.4,1129.0,1129.5,2025-10-24 15:15:00,,,,,,,,,,,,,,,,,,,,,,,,,,,,,,,,,,,
IDEA-EQ,30m,2025-10-23 14:15:00,9.47,Telecom-Service,9.52,9.59,9.48,9.5,2025-10-23 14:45:00,9.5,9.58,9.48,9.49,2025-10-23 15:15:00,9.52,9.53,9.26,9.34,2025-10-24 09:15:00,9.34,9.35,9.29,9.29,2025-10-24 09:45:00,9.3,9.32,9.25,9.29,2025-10-24 10:15:00,9.29,9.36,9.26,9.34,2025-10-24 10:45:00,9.34,9.43,9.31,9.4,2025-10-24 11:15:00,9.41,9.48,9.37,9.45,2025-10-24 11:45:00,9.45,9.56,9.44,9.53,2025-10-24 12:15:00,9.54,9.59,9.48,9.55,2025-10-24 12:45:00,9.56,9.62,9.55,9.59,2025-10-24 13:15:00,9.59,9.63,9.56,9.59,2025-10-24 13:45:00,9.59,9.63,9.58,9.59,2025-10-24 14:15:00,9.59,9.64,9.56,9.64,2025-10-24 14:45:00,9.63,9.65,9.61,9.63,2025-10-24 15:15:00,,,,,,,,,,,,,,,,,,,,,,,,,
IDEA-EQ,30m,2025-10-23 13:15:00,9.39,Telecom-Service,9.55,9.6,9.47,9.51,2025-10-23 13:45:00,9.5,9.52,9.47,9.51,2025-10-23 14:15:00,9.52,9.59,9.48,9.5,2025-10-23 14:45:00,9.5,9.58,9.48,9.49,2025-10-23 15:15:00,9.52,9.53,9.26,9.34,2025-10-24 09:15:00,9.34,9.35,9.29,9.29,2025-10-24 09:45:00,9.3,9.32,9.25,9.29,2025-10-24 10:15:00,9.29,9.36,9.26,9.34,2025-10-24 10:45:00,9.34,9.43,9.31,9.4,2025-10-24 11:15:00,9.41,9.48,9.37,9.45,2025-10-24 11:45:00,9.45,9.56,9.44,9.53,2025-10-24 12:15:00,9.54,9.59,9.48,9.55,2025-10-24 12:45:00,9.56,9.62,9.55,9.59,2025-10-24 13:15:00,9.59,9.63,9.56,9.59,2025-10-24 13:45:00,9.59,9.63,9.58,9.59,2025-10-24 14:15:00,9.59,9.64,9.56,9.64,2025-10-24 14:45:00,9.63,9.65,9.61,9.63,2025-10-24 15:15:00,,,,,,,,,,,,,,,
OIL-EQ,30m,2025-10-23 12:45:00,414.3,Energy,414.8,418.0,414.55,417.5,2025-10-23 13:15:00,417.4,418.4,416.9,417.5,2025-10-23 13:45:00,417.4,419.5,417.1,417.45,2025-10-23 14:15:00,417.4,419.45,417.15,417.2,2025-10-23 14:45:00,417.2,417.7,415.7,416.5,2025-10-23 15:15:00,420.95,421.45,417.2,420.55,2025-10-24 09:15:00,420.65,421.5,419.55,420.15,2025-10-24 09:45:00,420.15,420.25,418.75,419.15,2025-10-24 10:15:00,419.15,419.95,418.6,419.2,2025-10-24 10:45:00,419.2,420.5,418.25,419.85,2025-10-24 11:15:00,420.05,422.35,419.85,421.4,2025-10-24 11:45:00,421.4,422.0,421.0,421.3,2025-10-24 12:15:00,421.3,421.75,419.5,419.7,2025-10-24 12:45:00,419.75,420.25,418.4,418.6,2025-10-24 13:15:00,418.6,420.45,418.25,419.85,2025-10-24 13:45:00,419.9,420.75,419.25,419.5,2025-10-24 14:15:00,419.5,420.5,418.75,420.0,2025-10-24 14:45:00,420.1,420.25,418.4,418.55,2025-10-24 15:15:00,,,,,,,,,,
LT-EQ,30m,2025-10-23 10:45:00,3920.0,Realty,3928.4,3947.0,3926.7,3946.5,2025-10-23 11:15:00,3946.5,3956.5,3944.1,3955.0,2025-10-23 11:45:00,3955.0,3961.2,3948.1,3959.9,2025-10-23 12:15:00,3959.9,3966.2,3954.5,3961.5,2025-10-23 12:45:00,3961.5,3963.7,3950.0,3955.1,2025-10-23 13:15:00,3955.1,3962.5,3946.5,3951.4,2025-10-23 13:45:00,3951.4,3955.6,3941.4,3951.6,2025-10-23 14:15:00,3951.7,3955.3,3908.0,3912.6,2025-10-23 14:45:00,3912.4,3920.8,3910.8,3916.0,2025-10-23 15:15:00,3929.3,3932.0,3902.0,3927.2,2025-10-24 09:15:00,3927.0,3939.9,3920.0,3929.0,2025-10-24 09:45:00,3929.0,3932.3,3905.3,3914.7,2025-10-24 10:15:00,3914.3,3929.1,3913.0,3925.5,2025-10-24 10:45:00,3925.4,3928.4,3916.0,3925.0,2025-10-24 11:15:00,3925.0,3927.5,3917.0,3918.4,2025-10-24 11:45:00,3919.7,3924.4,3914.0,3916.0,2025-10-24 12:15:00,3916.0,3922.0,3913.7,3921.0,2025-10-24 12:45:00,3920.1,3925.1,3907.0,3907.0,2025-10-24 13:15:00,3907.1,3916.5,3906.0,3909.9,2025-10-24 13:45:00,3909.9,3916.5,3906.8,3909.0,2025-10-24 14:15:00
LTF-EQ,30m,2025-10-20 13:45:00,267.0,Financials,268.15,269.09,267.9,268.6,2025-10-20 14:15:00,268.6,268.65,267.1,267.4,2025-10-20 14:45:00,267.4,267.9,267.26,267.69,2025-10-20 15:15:00,269.75,269.75,267.57,268.3,2025-10-21 13:45:00,268.3,268.3,267.0,267.5,2025-10-21 14:15:00,268.65,269.47,264.23,264.91,2025-10-23 09:15:00,264.95,266.21,264.35,265.5,2025-10-23 09:45:00,265.48,265.72,264.96,265.41,2025-10-23 10:15:00,265.4,266.72,265.3,266.43,2025-10-23 10:45:00,266.38,266.49,265.87,266.36,2025-10-23 11:15:00,266.26,267.65,265.83,267.42,2025-10-23 11:45:00,267.4,267.42,266.15,266.59,2025-10-23 12:15:00,266.6,267.5,266.5,267.18,2025-10-23 12:45:00,267.21,268.8,267.05,268.36,2025-10-23 13:15:00,268.34,268.73,267.8,268.54,2025-10-23 13:45:00,268.55,269.47,267.83,268.23,2025-10-23 14:15:00,268.21,268.5,266.14,266.25,2025-10-23 14:45:00,266.19,267.31,266.19,266.98,2025-10-23 15:15:00,266.0,269.57,265.91,268.09,2025-10-24 09:15:00,268.15,268.87,267.61,268.44,2025-10-24 09:45:00
AMBUJACEM-EQ,30m,2025-10-20 11:15:00,565.0,Building Materials,565.2,567.2,565.2,566.9,2025-10-20 11:45:00,566.9,567.75,566.45,567.45,2025-10-20 12:15:00,567.3,567.95,566.85,567.6,2025-10-20 12:45:00,567.6,568.35,566.6,567.75,2025-10-20 13:15:00,567.5,567.7,566.45,566.95,2025-10-20 13:45:00,566.95,567.5,566.05,567.15,2025-10-20 14:15:00,567.15,567.2,565.0,565.5,2025-10-20 14:45:00,565.45,567.05,565.0,567.05,2025-10-20 15:15:00,566.05,569.2,565.7,568.7,2025-10-21 13:45:00,568.65,568.7,566.05,568.0,2025-10-21 14:15:00,570.4,574.5,567.0,569.3,2025-10-23 09:15:00,569.3,569.8,568.2,569.6,2025-10-23 09:45:00,569.35,570.5,569.35,570.05,2025-10-23 10:15:00,570.05,570.1,568.65,569.75,2025-10-23 10:45:00,569.75,569.85,568.5,569.3,2025-10-23 11:15:00,569.25,569.45,567.65,569.4,2025-10-23 11:45:00,569.4,570.45,568.15,568.15,2025-10-23 12:15:00,568.15,568.9,567.7,568.5,2025-10-23 12:45:00,568.3,568.6,567.75,567.8,2025-10-23 13:15:00,567.85,569.0,567.65,568.15,2025-10-23 13:45:00
IDEA-EQ,30m,2025-10-20 09:45:00,8.72,Telecom-Service,8.73,8.82,8.72,8.82,2025-10-20 10:15:00,8.81,9.0,8.8,8.9,2025-10-20 10:45:00,8.91,9.02,8.87,8.94,2025-10-20 11:15:00,8.94,8.96,8.91,8.95,2025-10-20 11:45:00,8.95,8.96,8.92,8.95,2025-10-20 12:15:00,8.95,8.97,8.87,8.91,2025-10-20 12:45:00,8.9,8.93,8.9,8.91,2025-10-20 13:15:00,8.91,8.92,8.87,8.88,2025-10-20 13:45:00,8.89,8.91,8.88,8.9,2025-10-20 14:15:00,8.9,8.94,8.89,8.9,2025-10-20 14:45:00,8.91,9.0,8.9,8.98,2025-10-20 15:15:00,9.01,9.06,8.96,8.99,2025-10-21 13:45:00,8.98,9.06,8.95,9.04,2025-10-21 14:15:00,9.04,9.17,9.03,9.12,2025-10-23 09:15:00,9.13,9.22,9.12,9.21,2025-10-23 09:45:00,9.21,9.28,9.17,9.27,2025-10-23 10:15:00,9.26,9.34,9.24,9.34,2025-10-23 10:45:00,9.33,9.41,9.2,9.32,2025-10-23 11:15:00,9.31,9.37,9.25,9.33,2025-10-23 11:45:00,9.33,9.45,9.32,9.44,2025-10-23 12:15:00
AUROPHARMA-EQ,30m,2025-10-20 09:45:00,1104.0,Healthcare,1107.3,1108.2,1105.8,1107.6,2025-10-20 10:15:00,1107.1,1108.5,1104.7,1105.9,2025-10-20 10:45:00,1105.9,1114.7,1103.4,1114.4,2025-10-20 11:15:00,1114.4,1114.7,1105.4,1106.0,2025-10-20 11:45:00,1106.3,1106.3,1103.8,1104.2,2025-10-20 12:15:00,1104.2,1106.1,1102.4,1105.9,2025-10-20 12:45:00,1105.3,1105.9,1102.7,1103.8,2025-10-20 13:15:00,1103.9,1107.6,1103.0,1106.2,2025-10-20 13:45:00,1106.4,1107.1,1100.5,1101.1,2025-10-20 14:15:00,1101.1,1101.5,1098.3,1098.4,2025-10-20 14:45:00,1098.4,1102.2,1098.0,1101.0,2025-10-20 15:15:00,1106.6,1106.6,1098.3,1102.6,2025-10-21 13:45:00,1103.0,1103.7,1098.0,1099.0,2025-10-21 14:15:00,1120.0,1120.5,1104.2,1115.0,2025-10-23 09:15:00,1115.0,1115.6,1107.5,1110.2,2025-10-23 09:45:00,1110.3,1112.8,1109.2,1111.4,2025-10-23 10:15:00,1111.4,1113.4,1109.8,1111.7,2025-10-23 10:45:00,1111.8,1115.1,1110.1,1113.1,2025-10-23 11:15:00,1113.7,1113.7,1106.7,1108.6,2025-10-23 11:45:00,1108.4,1109.7,1107.2,1109.0,2025-10-23 12:15:00
HDFCAMC-EQ,30m,2025-10-20 09:45:00,5706.0,Financials,5723.0,5725.5,5677.5,5688.0,2025-10-20 10:15:00,5688.0,5690.0,5681.0,5689.5,2025-10-20 10:45:00,5689.0,5721.5,5686.0,5700.0,2025-10-20 11:15:00,5700.0,5720.0,5700.0,5711.5,2025-10-20 11:45:00,5712.0,5750.0,5708.5,5748.0,2025-10-20 12:15:00,5749.0,5759.0,5739.0,5756.0,2025-10-20 12:45:00,5756.5,5757.0,5732.0,5734.5,2025-10-20 13:15:00,5734.5,5738.0,5730.0,5733.0,2025-10-20 13:45:00,5734.5,5741.5,5717.5,5721.0,2025-10-20 14:15:00,5721.0,5721.0,5704.5,5712.0,2025-10-20 14:45:00,5712.0,5726.0,5710.0,5726.0,2025-10-20 15:15:00,5739.5,5753.5,5715.0,5722.5,2025-10-21 13:45:00,5722.0,5722.5,5681.0,5703.5,2025-10-21 14:15:00,5745.0,5745.0,5682.5,5704.5,2025-10-23 09:15:00,5704.5,5709.5,5670.5,5693.5,2025-10-23 09:45:00,5694.0,5710.0,5682.5,5699.0,2025-10-23 10:15:00,5697.0,5704.5,5683.0,5703.5,2025-10-23 10:45:00,5704.0,5709.0,5683.5,5693.0,2025-10-23 11:15:00,5695.0,5703.5,5689.5,5700.5,2025-10-23 11:45:00,5701.0,5702.5,5685.0,5688.5,2025-10-23 12:15:00
DALBHARAT-EQ,30m,2025-10-17 13:45:00,2276.6,Building Materials,2287.0,2288.0,2246.3,2255.9,2025-10-17 14:15:00,2255.8,2263.7,2227.1,2247.1,2025-10-17 14:45:00,2247.9,2266.0,2242.1,2250.0,2025-10-17 15:15:00,2270.7,2270.8,2183.1,2197.0,2025-10-20 09:15:00,2195.7,2209.5,2183.8,2189.9,2025-10-20 09:45:00,2190.0,2198.0,2183.2,2188.1,2025-10-20 10:15:00,2188.3,2191.8,2171.0,2176.2,2025-10-20 10:45:00,2176.2,2176.9,2163.8,2171.8,2025-10-20 11:15:00,2171.2,2176.5,2170.6,2173.6,2025-10-20 11:45:00,2173.6,2191.2,2172.7,2188.7,2025-10-20 12:15:00,2188.8,2189.0,2182.8,2183.0,2025-10-20 12:45:00,2184.2,2191.2,2182.6,2191.0,2025-10-20 13:15:00,2191.1,2195.5,2189.5,2191.4,2025-10-20 13:45:00,2191.0,2194.0,2189.8,2193.5,2025-10-20 14:15:00,2193.5,2199.9,2190.4,2198.1,2025-10-20 14:45:00,2197.3,2200.0,2190.4,2190.7,2025-10-20 15:15:00,2189.7,2210.0,2185.9,2186.7,2025-10-21 13:45:00,2186.7,2194.5,2181.1,2184.0,2025-10-21 14:15:00,2185.0,2192.0,2163.9,2168.6,2025-10-23 09:15:00,2168.2,2169.8,2148.7,2150.0,2025-10-23 09:45:00
M&M-EQ,30m,2025-10-17 10:45:00,3621.0,Auto,3626.5,3636.0,3620.1,3625.0,2025-10-17 11:15:00,3625.1,3645.0,3623.4,3644.2,2025-10-17 11:45:00,3644.2,3644.9,3632.0,3638.4,2025-10-17 12:15:00,3638.0,3639.1,3622.5,3628.1,2025-10-17 12:45:00,3628.1,3634.8,3615.5,3629.9,2025-10-17 13:15:00,3630.0,3641.9,3622.2,3637.7,2025-10-17 13:45:00,3637.7,3641.2,3630.3,3637.0,2025-10-17 14:15:00,3636.7,3647.7,3630.1,3647.3,2025-10-17 14:45:00,3647.3,3656.0,3645.0,3656.0,2025-10-17 15:15:00,3674.0,3676.0,3629.4,3640.8,2025-10-20 09:15:00,3641.1,3641.8,3627.0,3636.0,2025-10-20 09:45:00,3636.0,3636.8,3611.4,3621.7,2025-10-20 10:15:00,3621.7,3626.8,3609.0,3613.7,2025-10-20 10:45:00,3613.7,3618.4,3597.6,3598.0,2025-10-20 11:15:00,3598.5,3610.0,3595.0,3608.5,2025-10-20 11:45:00,3608.4,3615.0,3605.6,3612.5,2025-10-20 12:15:00,3612.5,3619.5,3610.0,3617.0,2025-10-20 12:45:00,3616.7,3617.2,3608.0,3611.0,2025-10-20 13:15:00,3610.8,3612.0,3603.9,3611.0,2025-10-20 13:45:00,3610.9,3614.0,3596.0,3599.0,2025-10-20 14:15:00
INDHOTEL-EQ,30m,2025-10-16 13:15:00,736.35,Services,738.05,738.15,736.3,737.7,2025-10-16 13:45:00,737.8,739.45,737.5,737.7,2025-10-16 14:15:00,737.7,738.55,736.25,736.3,2025-10-16 14:45:00,736.3,740.95,736.15,739.0,2025-10-16 15:15:00,739.05,741.45,736.0,736.4,2025-10-17 09:15:00,736.05,739.6,734.45,738.55,2025-10-17 09:45:00,738.95,738.95,735.75,736.25,2025-10-17 10:15:00,736.4,739.95,736.3,738.7,2025-10-17 10:45:00,739.0,739.8,737.05,737.2,2025-10-17 11:15:00,737.2,741.2,737.2,741.0,2025-10-17 11:45:00,741.0,743.3,740.15,740.8,2025-10-17 12:15:00,740.5,740.9,735.5,735.5,2025-10-17 12:45:00,735.55,737.35,734.45,735.2,2025-10-17 13:15:00,735.2,737.35,734.5,736.3,2025-10-17 13:45:00,736.5,738.4,735.6,737.5,2025-10-17 14:15:00,737.45,737.7,734.7,735.1,2025-10-17 14:45:00,735.1,736.5,734.3,735.0,2025-10-17 15:15:00,736.2,742.9,736.2,742.0,2025-10-20 09:15:00,742.15,743.5,738.9,742.1,2025-10-20 09:45:00,742.0,742.1,738.8,740.25,2025-10-20 10:15:00
VBL-EQ,30m,2025-10-15 14:45:00,444.0,FMCG,445.55,446.0,444.4,444.4,2025-10-15 15:15:00,445.35,453.85,445.35,453.7,2025-10-16 09:15:00,453.7,454.9,452.75,453.15,2025-10-16 09:45:00,453.1,456.0,453.0,456.0,2025-10-16 10:15:00,456.0,458.2,454.5,455.5,2025-10-16 10:45:00,455.5,457.75,454.55,457.0,2025-10-16 11:15:00,456.75,459.8,456.75,458.75,2025-10-16 11:45:00,458.85,460.6,458.5,459.7,2025-10-16 12:15:00,459.85,461.5,458.5,461.3,2025-10-16 12:45:00,461.1,463.45,460.55,461.4,2025-10-16 13:15:00,461.35,461.7,459.9,460.75,2025-10-16 13:45:00,460.75,462.35,460.45,461.9,2025-10-16 14:15:00,461.9,462.15,461.0,461.5,2025-10-16 14:45:00,461.5,462.0,460.45,461.55,2025-10-16 15:15:00,460.8,465.3,458.15,464.35,2025-10-17 09:15:00,464.65,465.1,460.45,463.2,2025-10-17 09:45:00,463.25,464.3,462.45,463.8,2025-10-17 10:15:00,463.6,464.5,463.15,463.6,2025-10-17 10:45:00,463.65,465.4,463.55,465.0,2025-10-17 11:15:00,465.1,465.5,464.6,465.05,2025-10-17 11:45:00
SONACOMS-EQ,30m,2025-10-15 14:15:00,451.4,Auto,453.5,453.65,451.5,452.0,2025-10-15 14:45:00,452.15,453.85,450.65,453.85,2025-10-15 15:15:00,452.25,468.0,452.25,467.95,2025-10-16 09:15:00,467.95,470.45,465.7,469.6,2025-10-16 09:45:00,469.6,470.5,467.55,468.75,2025-10-16 10:15:00,468.85,471.55,467.95,470.9,2025-10-16 10:45:00,470.85,472.9,468.55,471.6,2025-10-16 11:15:00,471.55,472.0,470.4,470.9,2025-10-16 11:45:00,470.9,471.9,470.6,471.75,2025-10-16 12:15:00,471.7,471.95,470.75,471.15,2025-10-16 12:45:00,471.1,472.25,470.7,471.45,2025-10-16 13:15:00,471.4,474.0,471.2,472.0,2025-10-16 13:45:00,471.95,473.25,471.7,472.95,2025-10-16 14:15:00,472.95,472.95,467.5,467.95,2025-10-16 14:45:00,467.95,468.85,467.0,467.9,2025-10-16 15:15:00,466.6,471.15,464.85,469.55,2025-10-17 09:15:00,469.75,470.35,463.85,466.25,2025-10-17 09:45:00,466.35,468.0,465.3,467.1,2025-10-17 10:15:00,467.2,467.5,465.55,466.1,2025-10-17 10:45:00,466.1,466.3,463.45,464.8,2025-10-17 11:15:00
TIINDIA-EQ,30m,2025-10-15 11:45:00,3149.0,Industrials,3155.8,3160.0,3151.9,3152.6,2025-10-15 12:15:00,3151.9,3157.5,3142.6,3142.6,2025-10-15 12:45:00,3142.6,3147.5,3136.9,3137.0,2025-10-15 13:15:00,3137.0,3146.7,3129.9,3142.9,2025-10-15 13:45:00,3142.9,3157.4,3142.8,3156.8,2025-10-15 14:15:00,3156.7,3160.0,3140.0,3150.3,2025-10-15 14:45:00,3149.2,3163.1,3147.5,3161.1,2025-10-15 15:15:00,3161.0,3197.0,3159.1,3194.0,2025-10-16 09:15:00,3194.0,3201.1,3184.3,3197.9,2025-10-16 09:45:00,3196.8,3198.3,3175.1,3177.1,2025-10-16 10:15:00,3177.4,3200.0,3177.2,3194.8,2025-10-16 10:45:00,3196.4,3210.0,3192.2,3193.2,2025-10-16 11:15:00,3193.8,3199.9,3187.7,3198.2,2025-10-16 11:45:00,3198.1,3200.3,3190.7,3195.1,2025-10-16 12:15:00,3195.2,3197.4,3180.6,3184.1,2025-10-16 12:45:00,3184.0,3189.7,3176.2,3180.6,2025-10-16 13:15:00,3180.6,3186.1,3172.0,3176.8,2025-10-16 13:45:00,3177.0,3182.5,3175.6,3179.9,2025-10-16 14:15:00,3179.8,3184.0,3175.6,3180.6,2025-10-16 14:45:00,3180.4,3183.0,3172.8,3181.8,2025-10-16 15:15:00
GODREJPROP-EQ,30m,2025-10-15 11:15:00,2125.6,Realty,2132.0,2135.6,2129.9,2133.8,2025-10-15 11:45:00,2133.8,2141.0,2123.6,2128.9,2025-10-15 12:15:00,2128.0,2136.9,2126.8,2135.5,2025-10-15 12:45:00,2135.1,2145.0,2134.7,2140.5,2025-10-15 13:15:00,2140.5,2143.0,2132.1,2140.0,2025-10-15 13:45:00,2139.9,2144.9,2138.1,2142.6,2025-10-15 14:15:00,2142.6,2144.6,2132.3,2137.0,2025-10-15 14:45:00,2137.0,2138.0,2132.0,2132.0,2025-10-15 15:15:00,2146.2,2157.2,2135.6,2143.6,2025-10-16 09:15:00,2143.3,2167.5,2136.1,2161.4,2025-10-16 09:45:00,2161.6,2166.9,2156.8,2165.1,2025-10-16 10:15:00,2164.4,2174.3,2160.5,2170.1,2025-10-16 10:45:00,2170.1,2205.7,2167.8,2201.7,2025-10-16 11:15:00,2201.4,2211.8,2196.0,2207.3,2025-10-16 11:45:00,2207.3,2207.9,2187.2,2194.0,2025-10-16 12:15:00,2193.8,2209.8,2193.1,2209.8,2025-10-16 12:45:00,2209.9,2210.0,2197.2,2201.5,2025-10-16 13:15:00,2201.5,2202.6,2193.0,2197.4,2025-10-16 13:45:00,2197.5,2208.0,2188.8,2207.9,2025-10-16 14:15:00,2207.9,2213.8,2204.5,2206.6,2025-10-16 14:45:00
TECHM-EQ,30m,2025-10-14 14:15:00,1468.0,I.T,1470.0,1471.3,1467.1,1468.0,2025-10-14 14:45:00,1468.0,1469.9,1465.5,1468.9,2025-10-14 15:15:00,1470.0,1479.0,1440.4,1450.4,2025-10-15 09:15:00,1450.4,1454.9,1446.0,1452.4,2025-10-15 09:45:00,1452.9,1459.4,1448.8,1452.1,2025-10-15 10:15:00,1452.0,1453.8,1448.2,1451.8,2025-10-15 10:45:00,1451.9,1464.0,1451.8,1462.2,2025-10-15 11:15:00,1462.3,1463.1,1459.5,1460.6,2025-10-15 11:45:00,1460.5,1462.7,1458.0,1462.4,2025-10-15 12:15:00,1462.5,1463.0,1458.6,1459.3,2025-10-15 12:45:00,1459.4,1463.5,1459.1,1461.6,2025-10-15 13:15:00,1461.6,1463.3,1460.2,1463.2,2025-10-15 13:45:00,1463.2,1464.0,1461.1,1462.9,2025-10-15 14:15:00,1462.9,1462.9,1455.2,1459.1,2025-10-15 14:45:00,1459.2,1461.5,1452.8,1455.0,2025-10-15 15:15:00,1466.0,1466.7,1451.5,1459.2,2025-10-16 09:15:00,1459.2,1461.5,1448.7,1450.2,2025-10-16 09:45:00,1450.6,1451.6,1447.9,1449.8,2025-10-16 10:15:00,1449.9,1459.0,1449.5,1458.7,2025-10-16 10:45:00,1458.8,1463.8,1458.2,1460.0,2025-10-16 11:15:00
TATACONSUM-EQ,30m,2025-10-14 09:45:00,1116.5,FMCG,1118.0,1118.4,1112.4,1115.2,2025-10-14 10:15:00,1115.2,1116.0,1111.9,1114.9,2025-10-14 10:45:00,1115.0,1115.4,1110.7,1115.0,2025-10-14 11:15:00,1114.9,1116.0,1112.6,1115.5,2025-10-14 11:45:00,1115.6,1116.0,1112.3,1113.3,2025-10-14 12:15:00,1113.4,1116.0,1112.6,1115.7,2025-10-14 12:45:00,1115.2,1118.5,1115.0,1117.1,2025-10-14 13:15:00,1117.1,1118.1,1115.1,1117.1,2025-10-14 13:45:00,1117.0,1124.5,1115.7,1123.3,2025-10-14 14:15:00,1123.3,1124.5,1117.2,1117.8,2025-10-14 14:45:00,1117.8,1118.8,1113.0,1113.1,2025-10-14 15:15:00,1118.9,1122.1,1115.0,1115.8,2025-10-15 09:15:00,1115.6,1121.3,1115.1,1118.0,2025-10-15 09:45:00,1118.0,1120.7,1117.4,1119.9,2025-10-15 10:15:00,1119.4,1121.0,1117.1,1117.2,2025-10-15 10:45:00,1117.2,1119.9,1114.5,1114.6,2025-10-15 11:15:00,1114.6,1117.5,1114.6,1116.7,2025-10-15 11:45:00,1116.3,1119.0,1115.5,1116.6,2025-10-15 12:15:00,1116.7,1119.7,1116.5,1118.1,2025-10-15 12:45:00,1118.3,1120.0,1116.6,1119.7,2025-10-15 13:15:00
BIOCON-EQ,30m,2025-10-13 14:45:00,349.2,Healthcare,349.45,349.85,348.45,348.45,2025-10-13 15:15:00,351.2,353.0,348.2,349.15,2025-10-14 09:15:00,349.05,350.45,347.25,347.25,2025-10-14 09:45:00,347.2,347.75,346.5,347.1,2025-10-14 10:15:00,347.1,347.6,344.9,344.9,2025-10-14 10:45:00,344.9,345.0,342.95,343.7,2025-10-14 11:15:00,343.65,346.85,342.95,346.65,2025-10-14 11:45:00,346.5,348.05,346.15,346.65,2025-10-14 12:15:00,346.85,348.9,346.8,347.0,2025-10-14 12:45:00,346.95,352.65,346.95,351.6,2025-10-14 13:15:00,351.65,354.0,350.15,352.4,2025-10-14 13:45:00,352.4,355.2,352.05,354.75,2025-10-14 14:15:00,354.75,355.9,351.7,351.9,2025-10-14 14:45:00,351.75,352.3,349.85,350.8,2025-10-14 15:15:00,351.85,352.95,350.05,351.5,2025-10-15 09:15:00,351.5,354.8,351.5,354.75,2025-10-15 09:45:00,354.6,354.85,353.1,353.3,2025-10-15 10:15:00,353.5,354.1,353.05,353.8,2025-10-15 10:45:00,353.6,354.55,353.45,354.0,2025-10-15 11:15:00,354.1,356.1,354.0,354.6,2025-10-15 11:45:00
PETRONET-EQ,30m,2025-10-13 14:45:00,280.45,Energy,281.1,281.8,280.85,281.25,2025-10-13 15:15:00,281.35,284.0,281.05,281.05,2025-10-14 09:15:00,281.1,282.0,279.9,280.25,2025-10-14 09:45:00,280.3,281.5,279.65,280.75,2025-10-14 10:15:00,280.75,281.2,280.3,280.55,2025-10-14 10:45:00,280.6,280.6,279.6,279.75,2025-10-14 11:15:00,279.6,279.7,277.4,277.65,2025-10-14 11:45:00,277.65,278.25,277.5,277.85,2025-10-14 12:15:00,277.85,278.25,277.55,277.65,2025-10-14 12:45:00,277.65,278.7,277.55,277.9,2025-10-14 13:15:00,277.9,279.65,276.35,277.3,2025-10-14 13:45:00,277.3,278.45,277.0,277.8,2025-10-14 14:15:00,277.8,278.2,276.55,276.65,2025-10-14 14:45:00,276.65,277.1,276.1,276.85,2025-10-14 15:15:00,277.0,278.55,276.0,278.3,2025-10-15 09:15:00,278.25,279.1,278.05,278.4,2025-10-15 09:45:00,278.4,279.05,278.0,278.7,2025-10-15 10:15:00,278.7,280.65,278.3,280.55,2025-10-15 10:45:00,280.55,280.6,279.6,279.75,2025-10-15 11:15:00,279.85,280.6,279.85,280.15,2025-10-15 11:45:00
SHREECEM-EQ,30m,2025-10-13 14:45:00,29565.0,Building Materials,29625.0,29650.0,29570.0,29640.0,2025-10-13 15:15:00,29640.0,29745.0,29480.0,29530.0,2025-10-14 09:15:00,29530.0,29615.0,29500.0,29500.0,2025-10-14 09:45:00,29500.0,29625.0,29485.0,29595.0,2025-10-14 10:15:00,29600.0,29610.0,29505.0,29550.0,2025-10-14 10:45:00,29550.0,29660.0,29500.0,29635.0,2025-10-14 11:15:00,29635.0,29635.0,29525.0,29540.0,2025-10-14 11:45:00,29560.0,29605.0,29505.0,29530.0,2025-10-14 12:15:00,29530.0,29545.0,29450.0,29495.0,2025-10-14 12:45:00,29495.0,29550.0,29470.0,29525.0,2025-10-14 13:15:00,29525.0,29545.0,29500.0,29540.0,2025-10-14 13:45:00,29540.0,29670.0,29495.0,29665.0,2025-10-14 14:15:00,29670.0,29670.0,29585.0,29615.0,2025-10-14 14:45:00,29615.0,29645.0,29515.0,29535.0,2025-10-14 15:15:00,29625.0,29710.0,29535.0,29640.0,2025-10-15 09:15:00,29635.0,29775.0,29625.0,29725.0,2025-10-15 09:45:00,29735.0,29825.0,29730.0,29790.0,2025-10-15 10:15:00,29800.0,29860.0,29780.0,29825.0,2025-10-15 10:45:00,29825.0,29860.0,29725.0,29855.0,2025-10-15 11:15:00,29855.0,29875.0,29770.0,29835.0,2025-10-15 11:45:00
CGPOWER-EQ,30m,2025-10-13 14:15:00,745.0,Industrials,747.1,747.7,745.1,747.1,2025-10-13 14:45:00,747.25,748.8,746.75,747.9,2025-10-13 15:15:00,747.8,751.65,746.1,750.5,2025-10-14 09:15:00,750.35,753.5,748.4,749.7,2025-10-14 09:45:00,749.75,749.8,743.75,744.15,2025-10-14 10:15:00,744.35,747.0,741.7,742.3,2025-10-14 10:45:00,742.6,744.3,741.0,743.3,2025-10-14 11:15:00,743.25,743.6,741.05,743.3,2025-10-14 11:45:00,743.25,744.3,742.0,742.5,2025-10-14 12:15:00,742.1,744.0,742.05,742.85,2025-10-14 12:45:00,742.8,744.9,742.65,744.05,2025-10-14 13:15:00,744.2,745.25,744.1,744.55,2025-10-14 13:45:00,744.9,747.0,743.75,746.0,2025-10-14 14:15:00,746.0,747.85,744.3,746.3,2025-10-14 14:45:00,746.15,747.9,742.1,744.0,2025-10-14 15:15:00,744.6,750.5,744.6,748.8,2025-10-15 09:15:00,748.9,752.85,748.7,751.95,2025-10-15 09:45:00,751.95,756.0,750.75,755.0,2025-10-15 10:15:00,755.0,755.9,752.65,753.95,2025-10-15 10:45:00,754.0,755.8,753.05,755.3,2025-10-15 11:15:00
PRESTIGE-EQ,30m,2025-10-13 12:45:00,1612.0,Realty,1616.2,1617.9,1612.1,1616.6,2025-10-13 13:15:00,1616.2,1617.0,1610.4,1611.9,2025-10-13 13:45:00,1611.9,1618.2,1611.2,1616.0,2025-10-13 14:15:00,1615.6,1619.8,1612.6,1613.0,2025-10-13 14:45:00,1613.3,1617.8,1610.8,1610.8,2025-10-13 15:15:00,1629.6,1629.6,1598.0,1598.9,2025-10-14 09:15:00,1598.9,1608.5,1595.0,1603.3,2025-10-14 09:45:00,1603.7,1605.8,1600.0,1603.8,2025-10-14 10:15:00,1603.4,1604.0,1598.3,1600.1,2025-10-14 10:45:00,1600.1,1600.1,1590.4,1593.6,2025-10-14 11:15:00,1593.6,1594.2,1585.4,1588.8,2025-10-14 11:45:00,1588.3,1589.9,1586.2,1587.5,2025-10-14 12:15:00,1587.1,1601.9,1587.1,1600.0,2025-10-14 12:45:00,1600.2,1604.0,1594.9,1600.3,2025-10-14 13:15:00,1600.8,1602.1,1599.2,1600.3,2025-10-14 13:45:00,1600.3,1606.6,1599.4,1606.0,2025-10-14 14:15:00,1606.0,1609.5,1599.6,1604.0,2025-10-14 14:45:00,1603.7,1605.5,1602.7,1604.4,2025-10-14 15:15:00,1600.0,1623.2,1593.4,1623.2,2025-10-15 09:15:00,1621.9,1649.9,1621.4,1649.5,2025-10-15 09:45:00
JSWENERGY-EQ,30m,2025-10-10 14:45:00,545.0,Power & Utilities,546.05,546.3,545.4,546.0,2025-10-10 15:15:00,543.0,545.0,538.65,541.8,2025-10-13 09:15:00,541.95,543.05,540.75,542.65,2025-10-13 09:45:00,542.7,544.0,541.05,541.5,2025-10-13 10:15:00,541.6,542.55,540.5,541.4,2025-10-13 10:45:00,541.2,543.0,540.95,542.05,2025-10-13 11:15:00,542.2,545.0,542.2,544.3,2025-10-13 11:45:00,544.25,544.5,541.5,542.2,2025-10-13 12:15:00,542.2,545.3,541.0,544.6,2025-10-13 12:45:00,544.6,545.5,544.2,545.2,2025-10-13 13:15:00,545.4,546.5,544.0,545.7,2025-10-13 13:45:00,545.55,545.9,544.4,545.0,2025-10-13 14:15:00,545.0,546.1,543.2,543.35,2025-10-13 14:45:00,543.6,545.65,542.15,545.3,2025-10-13 15:15:00,546.0,549.5,544.35,545.1,2025-10-14 09:15:00,544.7,545.85,541.0,541.45,2025-10-14 09:45:00,541.6,542.5,539.25,540.15,2025-10-14 10:15:00,540.35,541.9,539.0,539.5,2025-10-14 10:45:00,539.5,539.5,536.3,537.75,2025-10-14 11:15:00,537.7,538.8,534.9,536.45,2025-10-14 11:45:00
IDFCFIRSTB-EQ,30m,2025-10-10 12:45:00,74.0,Bank,74.09,74.16,74.0,74.11,2025-10-10 13:15:00,74.15,74.29,74.03,74.12,2025-10-10 13:45:00,74.1,74.54,73.94,74.5,2025-10-10 14:15:00,74.51,74.57,74.23,74.34,2025-10-10 14:45:00,74.38,74.53,74.2,74.5,2025-10-10 15:15:00,74.35,74.62,73.77,74.01,2025-10-13 09:15:00,74.02,74.65,73.95,74.4,2025-10-13 09:45:00,74.39,74.42,73.91,73.92,2025-10-13 10:15:00,73.95,74.0,73.56,73.95,2025-10-13 10:45:00,73.98,74.01,73.76,73.9,2025-10-13 11:15:00,73.94,74.1,73.87,74.0,2025-10-13 11:45:00,74.03,74.1,73.89,74.06,2025-10-13 12:15:00,74.1,74.1,73.85,73.96,2025-10-13 12:45:00,73.99,74.06,73.88,73.95,2025-10-13 13:15:00,73.95,74.0,73.65,73.75,2025-10-13 13:45:00,73.78,74.05,73.72,73.82,2025-10-13 14:15:00,73.82,73.9,73.66,73.74,2025-10-13 14:45:00,73.74,73.8,73.5,73.68,2025-10-13 15:15:00,73.73,74.32,73.5,73.51,2025-10-14 09:15:00,73.51,74.04,73.26,73.8,2025-10-14 09:45:00
ADANIENT-EQ,30m,2025-10-10 10:45:00,2550.0,Services,2554.6,2562.6,2553.7,2560.6,2025-10-10 11:15:00,2560.4,2560.8,2543.9,2547.3,2025-10-10 11:45:00,2547.2,2550.9,2538.8,2542.0,2025-10-10 12:15:00,2542.0,2556.0,2541.1,2551.7,2025-10-10 12:45:00,2551.7,2562.0,2547.6,2552.5,2025-10-10 13:15:00,2553.0,2557.2,2552.0,2554.3,2025-10-10 13:45:00,2554.3,2565.0,2553.0,2556.6,2025-10-10 14:15:00,2556.3,2556.6,2548.6,2550.9,2025-10-10 14:45:00,2550.2,2555.0,2542.1,2542.1,2025-10-10 15:15:00,2529.1,2542.1,2516.2,2520.8,2025-10-13 09:15:00,2519.6,2525.4,2504.0,2524.8,2025-10-13 09:45:00,2525.0,2525.0,2516.8,2521.5,2025-10-13 10:15:00,2521.5,2532.0,2521.0,2526.8,2025-10-13 10:45:00,2526.8,2526.9,2516.2,2521.5,2025-10-13 11:15:00,2521.1,2525.0,2520.2,2523.3,2025-10-13 11:45:00,2523.3,2525.0,2520.0,2525.0,2025-10-13 12:15:00,2524.9,2534.0,2524.0,2530.2,2025-10-13 12:45:00,2529.6,2530.8,2525.1,2528.9,2025-10-13 13:15:00,2528.8,2531.2,2526.0,2527.2,2025-10-13 13:45:00,2526.0,2533.7,2526.0,2531.4,2025-10-13 14:15:00
OFSS-EQ,30m,2025-10-09 13:15:00,9311.5,I.T,9347.0,9354.0,9340.5,9346.5,2025-10-09 13:45:00,9346.5,9382.0,9342.0,9371.5,2025-10-09 14:15:00,9375.0,9380.0,9299.5,9303.0,2025-10-09 14:45:00,9305.0,9321.0,9284.5,9299.5,2025-10-09 15:15:00,9380.0,9380.0,9261.0,9310.0,2025-10-10 09:15:00,9310.5,9319.0,9270.0,9295.0,2025-10-10 09:45:00,9295.5,9314.0,9261.0,9265.0,2025-10-10 10:15:00,9265.0,9341.0,9261.5,9336.0,2025-10-10 10:45:00,9338.5,9343.0,9282.0,9302.0,2025-10-10 11:15:00,9306.0,9313.0,9232.0,9245.0,2025-10-10 11:45:00,9241.0,9255.5,9212.0,9243.5,2025-10-10 12:15:00,9243.5,9265.0,9225.0,9236.5,2025-10-10 12:45:00,9239.5,9257.0,9186.0,9193.0,2025-10-10 13:15:00,9193.0,9203.0,9181.0,9199.0,2025-10-10 13:45:00,9197.5,9241.0,9190.5,9225.0,2025-10-10 14:15:00,9224.0,9226.0,9197.0,9204.5,2025-10-10 14:45:00,9204.5,9228.0,9200.0,9201.0,2025-10-10 15:15:00,9190.0,9263.0,9130.5,9210.0,2025-10-13 09:15:00,9212.5,9274.0,9180.5,9235.5,2025-10-13 09:45:00,9235.0,9235.0,9141.5,9149.0,2025-10-13 10:15:00
MANAPPURAM-EQ,30m,2025-10-09 12:45:00,293.5,Financials,293.95,294.45,293.5,293.65,2025-10-09 13:15:00,293.85,294.3,293.6,294.05,2025-10-09 13:45:00,294.2,294.3,293.55,294.0,2025-10-09 14:15:00,294.2,295.0,293.65,294.3,2025-10-09 14:45:00,294.3,294.5,293.15,293.65,2025-10-09 15:15:00,293.0,295.0,285.0,285.7,2025-10-10 09:15:00,285.65,287.25,285.4,286.5,2025-10-10 09:45:00,286.6,286.85,284.2,284.45,2025-10-10 10:15:00,284.45,285.35,283.75,284.7,2025-10-10 10:45:00,284.55,285.95,283.75,284.95,2025-10-10 11:15:00,284.9,285.2,283.75,284.1,2025-10-10 11:45:00,284.2,285.0,282.8,284.65,2025-10-10 12:15:00,284.5,284.85,283.9,284.2,2025-10-10 12:45:00,284.2,284.3,283.75,284.05,2025-10-10 13:15:00,284.05,285.65,284.05,285.5,2025-10-10 13:45:00,285.5,285.9,285.3,285.5,2025-10-10 14:15:00,285.5,286.3,283.75,284.8,2025-10-10 14:45:00,284.75,285.2,284.15,285.15,2025-10-10 15:15:00,285.2,287.1,284.15,284.35,2025-10-13 09:15:00,284.5,285.0,283.15,283.85,2025-10-13 09:45:00
NUVAMA-EQ,30m,2025-10-09 12:45:00,7032.0,Financials,7086.0,7128.5,7085.0,7127.0,2025-10-09 13:15:00,7127.0,7142.0,7112.0,7119.0,2025-10-09 13:45:00,7117.0,7140.0,7101.0,7137.0,2025-10-09 14:15:00,7137.0,7137.0,7111.0,7122.5,2025-10-09 14:45:00,7123.0,7136.5,7121.0,7130.0,2025-10-09 15:15:00,7143.5,7265.0,7117.5,7263.0,2025-10-10 09:15:00,7260.0,7314.5,7255.5,7269.5,2025-10-10 09:45:00,7269.5,7276.5,7242.5,7255.0,2025-10-10 10:15:00,7258.5,7260.0,7250.0,7252.0,2025-10-10 10:45:00,7252.5,7279.0,7250.0,7252.0,2025-10-10 11:15:00,7256.0,7263.0,7250.0,7257.0,2025-10-10 11:45:00,7255.5,7257.5,7235.0,7254.0,2025-10-10 12:15:00,7255.0,7255.0,7250.0,7251.0,2025-10-10 12:45:00,7250.5,7257.0,7245.0,7253.0,2025-10-10 13:15:00,7250.5,7263.5,7250.5,7259.5,2025-10-10 13:45:00,7261.5,7271.0,7250.0,7260.5,2025-10-10 14:15:00,7260.0,7262.5,7220.0,7222.5,2025-10-10 14:45:00,7224.0,7243.0,7216.5,7243.0,2025-10-10 15:15:00,7210.0,7243.0,7145.5,7205.5,2025-10-13 09:15:00,7205.5,7222.0,7160.0,7212.5,2025-10-13 09:45:00
SHRIRAMFIN-EQ,30m,2025-10-09 12:45:00,669.8,Financials,670.75,671.5,670.0,670.3,2025-10-09 13:15:00,670.35,671.4,669.5,670.0,2025-10-09 13:45:00,670.0,670.25,668.3,668.75,2025-10-09 14:15:00,668.75,669.75,667.1,668.6,2025-10-09 14:45:00,668.5,670.1,668.3,668.5,2025-10-09 15:15:00,669.0,671.4,664.0,667.3,2025-10-10 09:15:00,667.3,669.0,664.55,665.2,2025-10-10 09:45:00,665.2,666.9,664.5,665.05,2025-10-10 10:15:00,665.15,667.8,663.3,664.3,2025-10-10 10:45:00,664.3,666.0,663.95,664.75,2025-10-10 11:15:00,664.7,666.9,664.1,665.65,2025-10-10 11:45:00,665.85,666.35,663.0,666.3,2025-10-10 12:15:00,666.3,666.3,663.8,664.4,2025-10-10 12:45:00,664.4,666.05,663.55,665.05,2025-10-10 13:15:00,665.2,666.3,664.75,664.9,2025-10-10 13:45:00,665.0,665.3,664.15,664.5,2025-10-10 14:15:00,664.75,665.65,663.0,665.15,2025-10-10 14:45:00,665.0,666.15,664.35,665.0,2025-10-10 15:15:00,660.0,666.85,658.75,666.55,2025-10-13 09:15:00,666.4,669.4,665.05,667.8,2025-10-13 09:45:00
POWERINDIA-EQ,30m,2025-10-09 09:45:00,17603.0,Industrials,17717.0,17765.0,17696.0,17730.0,2025-10-09 10:15:00,17738.0,17752.0,17641.0,17650.0,2025-10-09 10:45:00,17646.0,17646.0,17557.0,17600.0,2025-10-09 11:15:00,17600.0,17629.0,17579.0,17617.0,2025-10-09 11:45:00,17627.0,17627.0,17585.0,17621.0,2025-10-09 12:15:00,17621.0,17700.0,17617.0,17675.0,2025-10-09 12:45:00,17672.0,17678.0,17652.0,17665.0,2025-10-09 13:15:00,17665.0,17719.0,17655.0,17694.0,2025-10-09 13:45:00,17688.0,17710.0,17670.0,17695.0,2025-10-09 14:15:00,17694.0,17702.0,17614.0,17699.0,2025-10-09 14:45:00,17699.0,17815.0,17682.0,17776.0,2025-10-09 15:15:00,17780.0,17940.0,17565.0,17913.0,2025-10-10 09:15:00,17918.0,17995.0,17830.0,17840.0,2025-10-10 09:45:00,17844.0,17908.0,17715.0,17739.0,2025-10-10 10:15:00,17755.0,17757.0,17655.0,17693.0,2025-10-10 10:45:00,17686.0,17783.0,17685.0,17751.0,2025-10-10 11:15:00,17753.0,17778.0,17660.0,17726.0,2025-10-10 11:45:00,17724.0,17743.0,17681.0,17716.0,2025-10-10 12:15:00,17716.0,17755.0,17693.0,17746.0,2025-10-10 12:45:00,17745.0,17749.0,17700.0,17732.0,2025-10-10 13:15:00
MCX-EQ,30m,2025-10-08 14:15:00,8205.5,Financials,8219.0,8222.0,8175.0,8186.0,2025-10-08 14:45:00,8186.0,8198.0,8175.0,8175.0,2025-10-08 15:15:00,8189.0,8259.5,8178.5,8247.5,2025-10-09 09:15:00,8245.5,8280.0,8226.0,8238.5,2025-10-09 09:45:00,8238.0,8319.0,8231.5,8299.5,2025-10-09 10:15:00,8300.5,8344.5,8297.0,8335.5,2025-10-09 10:45:00,8335.5,8384.0,8333.0,8375.0,2025-10-09 11:15:00,8375.0,8444.5,8371.0,8441.0,2025-10-09 11:45:00,8441.0,8575.0,8430.0,8527.5,2025-10-09 12:15:00,8528.0,8720.0,8524.0,8704.5,2025-10-09 12:45:00,8704.0,8748.5,8658.0,8660.0,2025-10-09 13:15:00,8660.0,8661.5,8621.5,8631.5,2025-10-09 13:45:00,8631.5,8719.0,8626.0,8705.5,2025-10-09 14:15:00,8709.0,8727.0,8687.5,8697.5,2025-10-09 14:45:00,8697.5,8724.0,8686.5,8710.0,2025-10-09 15:15:00,8706.0,8889.0,8692.5,8783.5,2025-10-10 09:15:00,8782.0,8795.0,8711.0,8721.0,2025-10-10 09:45:00,8724.0,8733.0,8632.0,8637.5,2025-10-10 10:15:00,8639.5,8686.0,8630.0,8650.0,2025-10-10 10:45:00,8649.5,8684.5,8615.0,8642.0,2025-10-10 11:15:00
TATAELXSI-EQ,30m,2025-10-07 14:45:00,5375.0,I.T,5385.0,5404.0,5381.0,5381.0,2025-10-07 15:15:00,5389.5,5527.5,5346.5,5506.0,2025-10-08 09:15:00,5505.0,5553.0,5431.0,5465.0,2025-10-08 09:45:00,5464.0,5474.0,5431.0,5456.0,2025-10-08 10:15:00,5458.5,5475.0,5439.5,5449.0,2025-10-08 10:45:00,5447.0,5448.5,5415.0,5418.5,2025-10-08 11:15:00,5418.5,5447.0,5416.0,5441.0,2025-10-08 11:45:00,5441.0,5441.0,5415.0,5420.0,2025-10-08 12:15:00,5419.0,5444.0,5416.5,5441.0,2025-10-08 12:45:00,5441.0,5486.0,5435.0,5478.5,2025-10-08 13:15:00,5478.5,5505.0,5460.0,5475.0,2025-10-08 13:45:00,5476.0,5489.0,5473.0,5480.0,2025-10-08 14:15:00,5480.5,5487.0,5453.0,5459.5,2025-10-08 14:45:00,5461.5,5471.5,5449.5,5450.0,2025-10-08 15:15:00,5460.0,5503.0,5433.0,5490.0,2025-10-09 09:15:00,5490.0,5537.5,5480.0,5508.5,2025-10-09 09:45:00,5508.0,5604.0,5505.0,5554.0,2025-10-09 10:15:00,5553.0,5579.0,5505.5,5539.5,2025-10-09 10:45:00,5537.5,5548.5,5521.0,5530.5,2025-10-09 11:15:00,5531.0,5542.0,5525.0,5533.5,2025-10-09 11:45:00
HINDZINC-EQ,30m,2025-10-07 14:45:00,489.85,Metals & Mining,490.05,490.8,488.95,490.5,2025-10-07 15:15:00,491.05,495.9,490.75,492.7,2025-10-08 09:15:00,492.35,493.6,490.5,490.85,2025-10-08 09:45:00,490.95,493.45,490.5,491.75,2025-10-08 10:15:00,491.75,493.2,487.65,488.05,2025-10-08 10:45:00,488.2,491.0,487.85,488.05,2025-10-08 11:15:00,488.05,491.0,488.05,491.0,2025-10-08 11:45:00,491.0,495.6,491.0,492.55,2025-10-08 12:15:00,492.55,493.7,491.45,492.2,2025-10-08 12:45:00,492.2,496.15,491.75,494.25,2025-10-08 13:15:00,494.2,494.9,491.5,492.25,2025-10-08 13:45:00,492.4,492.65,491.2,492.25,2025-10-08 14:15:00,492.0,492.3,489.15,489.7,2025-10-08 14:45:00,489.55,491.0,489.15,489.15,2025-10-08 15:15:00,492.0,497.75,488.15,494.5,2025-10-09 09:15:00,494.6,495.9,491.6,495.75,2025-10-09 09:45:00,495.75,501.8,495.5,501.7,2025-10-09 10:15:00,501.5,510.0,500.9,509.35,2025-10-09 10:45:00,509.45,515.0,509.1,514.0,2025-10-09 11:15:00,514.0,514.25,509.0,509.3,2025-10-09 11:45:00
PFC-EQ,30m,2025-10-07 10:15:00,407.0,Financials,408.55,408.9,408.0,408.5,2025-10-07 10:45:00,408.5,408.75,407.0,408.7,2025-10-07 11:15:00,408.65,409.25,408.3,409.0,2025-10-07 11:45:00,409.0,409.0,406.75,408.0,2025-10-07 12:15:00,408.0,408.65,407.45,408.2,2025-10-07 12:45:00,408.0,409.45,407.25,409.25,2025-10-07 13:15:00,409.25,409.5,408.7,409.2,2025-10-07 13:45:00,409.3,409.3,408.3,408.9,2025-10-07 14:15:00,408.85,408.95,408.0,408.6,2025-10-07 14:45:00,408.6,409.5,408.4,409.0,2025-10-07 15:15:00,409.5,409.5,404.0,405.7,2025-10-08 09:15:00,405.65,405.8,403.0,403.5,2025-10-08 09:45:00,403.35,403.7,402.0,403.1,2025-10-08 10:15:00,403.1,404.35,401.1,401.25,2025-10-08 10:45:00,401.3,401.85,400.7,400.9,2025-10-08 11:15:00,400.9,401.15,400.0,400.6,2025-10-08 11:45:00,400.7,400.85,400.05,400.5,2025-10-08 12:15:00,400.5,401.25,400.3,400.8,2025-10-08 12:45:00,400.8,401.6,400.25,400.5,2025-10-08 13:15:00,400.35,401.35,399.55,399.85,2025-10-08 13:45:00
